[
  {
    "TagName": "Blue",
    "Uid": "eb0145a5-072d-4a90-8200-59045804632a",
    "ColorString": "#0072BD"
  },
  {
    "TagName": "Orange",
    "Uid": "8ff56163-1938-4c64-a7e4-2bcfc4fd56f9",
    "ColorString": "#D95319"
  },
  {
    "TagName": "Yellow",
    "Uid": "c19e8d6e-8fd0-4147-801a-8602bdbea94a",
    "ColorString": "#EDB120"
  },
  {
    "TagName": "Green",
    "Uid": "9bae1427-8174-4be7-9033-b922ac319aaf",
    "ColorString": "#77AC30"
  },
  {
    "TagName": "Azure",
    "Uid": "a43c6891-3231-4c34-9a4a-cdbc15092373",
    "ColorString": "#4DBEEE"
  }
]