{
  "FoldersWidgetExpanded": true,
  "DrivesWidgetExpanded": true,
  "RecentFilesWidgetExpanded": true,
  "AreFileTagsEnabled": true,
  "ShowFolderSize": false,
  "ShowLibrarySection": true,
  "UseCompactStyles": true,
  "OpenFilesWithOneClick": false,
  "OpenFoldersWithOneClick": true,
  "AreHiddenItemsVisible": true,
  "IsSidebarOpen": true,
  "ShowFavoritesSection": true,
  "PinRecycleBinToSidebar": true,
  "ShowCloudDrivesSection": true,
  "ShowConfirmDeleteDialog": true,
  "OpenFoldersInNewTab": false,
  "ShowFileExtensions": true,
  "AreSystemItemsHidden": true,
  "ShowDotFiles": true,
  "SearchUnindexedItems": false,
  "AreLayoutPreferencesPerFolder": true,
  "AdaptiveLayoutEnabled": true,
  "OpenSpecificPageOnStartup": false,
  "ContinueLastSessionOnStartUp": false,
  "OpenNewTabOnStartup": true,
  "AlwaysOpenNewInstance": false,
  "IsVerticalTabFlyoutEnabled": true,
  "IsDualPaneEnabled": false,
  "AlwaysOpenDualPaneInNewTab": false,
  "ShowFoldersWidget": true,
  "ShowRecentFilesWidget": true,
  "ShowDrivesWidget": true,
  "ShowBundlesWidget": false,
  "MoveOverflowMenuItemsToSubMenu": true,
  "ShowNetworkDrivesSection": true,
  "ShowWslSection": true,
  "ShowFileTagsSection": true,
  "ShowPreviewOnly": false,
  "DefaultLayoutMode": 1,
  "DefaultGridViewSize": 100,
  "DefaultDirectorySortOption": 0,
  "DefaultDirectoryGroupOption": 0,
  "DefaultDirectorySortDirection": 0,
  "DefaultSortDirectoriesAlongsideFiles": false,
  "ShowDateCreatedColumn": false,
  "ShowDateColumn": true,
  "ShowTypeColumn": true,
  "ShowSizeColumn": true,
  "ShowFileTagColumn": true,
  "Content": 0,
  "WasPromptedToReview": true,
  "ShowDrivesSection": true,
  "SidebarWidth": 437.06455993652344,
  "AreAlternateStreamsVisible": false,
  "ShowThumbnails": true,
  "ForceLayoutPreferencesOnAllDirectories": false,
  "TabsOnStartupList": null
}